<?xml version="1.0" encoding="UTF-8"?>
<project-private xmlns="http://www.netbeans.org/ns/project-private/1">
    <editor-bookmarks xmlns="http://www.netbeans.org/ns/editor-bookmarks/2" lastBookmarkId="0"/>
    <open-files xmlns="http://www.netbeans.org/ns/projectui-open-files/2">
        <group>
            <file>file:/G:/Study/HTML/Web%20template/My%20Templates/IT%20Center/js/wow.min_1.js</file>
            <file>file:/G:/Study/HTML/Web%20template/My%20Templates/IT%20Center/index.html</file>
            <file>file:/G:/Study/HTML/Web%20template/My%20Templates/IT%20Center/js/main.js</file>
            <file>file:/G:/Study/HTML/Web%20template/My%20Templates/IT%20Center/css/publisher.css</file>
        </group>
    </open-files>
</project-private>
